<metadata xml:lang="en">
	<Esri>
		<CreaDate>20170301</CreaDate>
		<CreaTime>09505400</CreaTime>
		<ArcGISFormat>1.0</ArcGISFormat>
		<SyncOnce>FALSE</SyncOnce>
		<DataProperties>
			<lineage>
				<Process ToolSource="c:\program files (x86)\arcgis\desktop10.4\ArcToolbox\Toolboxes\Data Management Tools.tbx\CalculateField" Date="20170301" Time="095054">CalculateField city_and_township_population_centers_with_Pop Population 106 VB #</Process>
				<Process ToolSource="c:\program files (x86)\arcgis\desktop10.4\ArcToolbox\Toolboxes\Data Management Tools.tbx\CalculateField" Date="20170301" Time="095124">CalculateField city_and_township_population_centers_with_Pop Population 8602 VB #</Process>
				<Process ToolSource="c:\program files (x86)\arcgis\desktop10.4\ArcToolbox\Toolboxes\Data Management Tools.tbx\CalculateField" Date="20170301" Time="095617">CalculateField city_and_township_population_centers_with_Pop Population 3 VB #</Process>
				<Process ToolSource="c:\program files (x86)\arcgis\desktop10.4\ArcToolbox\Toolboxes\Data Management Tools.tbx\CalculateField" Date="20170301" Time="100136">CalculateField city_and_township_population_centers_with_Pop Population 159 VB #</Process>
				<Process ToolSource="c:\program files (x86)\arcgis\desktop10.4\ArcToolbox\Toolboxes\Data Management Tools.tbx\CalculateField" Date="20170301" Time="102156">CalculateField city_and_township_population_centers_with_Pop Population 1153 VB #</Process>
				<Process ToolSource="c:\program files (x86)\arcgis\desktop10.4\ArcToolbox\Toolboxes\Data Management Tools.tbx\CalculateField" Date="20170301" Time="102710">CalculateField city_and_township_population_centers_with_Pop Population 5790 VB #</Process>
				<Process ToolSource="c:\program files (x86)\arcgis\desktop10.5\ArcToolbox\Toolboxes\Data Management Tools.tbx\CalculateField" Date="20181001" Time="110958">CalculateField city_and_township_population_centers CTU_Type "Populated Pl" VB #</Process>
				<Process ToolSource="c:\program files (x86)\arcgis\desktop10.5\ArcToolbox\Toolboxes\Data Management Tools.tbx\CalculateField" Date="20181001" Time="111020">CalculateField city_and_township_population_centers Sym_Class "Unorganized" VB #</Process>
				<Process ToolSource="c:\program files\arcgis\server\framework\runtime\arcgis\Resources\ArcToolbox\toolboxes\Conversion Tools.tbx\FeatureClassToFeatureClass" Date="20240718" Time="162746">FeatureClassToFeatureClass /var/ftp/gdrs_temp/update/us_mn_state_mngeo/loc_pop_centers\fgdb\loc_pop_centers.gdb\city_and_township_population_centers /var/ftp/gdrs_temp/update/us_mn_state_mngeo/loc_pop_centers\shp city_and_township_population_centers.shp # "GNIS "GNIS" true true false 4 Long 0 0,First,#,\var\ftp\gdrs_temp\update\us_mn_state_mngeo\loc_pop_centers\fgdb\loc_pop_centers.gdb\city_and_township_population_centers,GNIS,-1,-1;Name "Name" true true false 50 Text 0 0,First,#,\var\ftp\gdrs_temp\update\us_mn_state_mngeo\loc_pop_centers\fgdb\loc_pop_centers.gdb\city_and_township_population_centers,Name,0,49;CTU_Type "CTU_Type" true true false 12 Text 0 0,First,#,\var\ftp\gdrs_temp\update\us_mn_state_mngeo\loc_pop_centers\fgdb\loc_pop_centers.gdb\city_and_township_population_centers,CTU_Type,0,11;County "County" true true false 30 Text 0 0,First,#,\var\ftp\gdrs_temp\update\us_mn_state_mngeo\loc_pop_centers\fgdb\loc_pop_centers.gdb\city_and_township_population_centers,County,0,29;FIPS_Code "FIPS_Code" true true false 10 Text 0 0,First,#,\var\ftp\gdrs_temp\update\us_mn_state_mngeo\loc_pop_centers\fgdb\loc_pop_centers.gdb\city_and_township_population_centers,FIPS_Code,0,9;Sym_Class "Sym_Class" true true false 12 Text 0 0,First,#,\var\ftp\gdrs_temp\update\us_mn_state_mngeo\loc_pop_centers\fgdb\loc_pop_centers.gdb\city_and_township_population_centers,Sym_Class,0,11;Population "Population" true true false 4 Long 0 0,First,#,\var\ftp\gdrs_temp\update\us_mn_state_mngeo\loc_pop_centers\fgdb\loc_pop_centers.gdb\city_and_township_population_centers,Population,-1,-1;Notes "Notes" true true false 100 Text 0 0,First,#,\var\ftp\gdrs_temp\update\us_mn_state_mngeo\loc_pop_centers\fgdb\loc_pop_centers.gdb\city_and_township_population_centers,Notes,0,99" #</Process>
			</lineage>
			<itemProps>
				<itemName Sync="TRUE">city_and_township_population_centers</itemName>
				<imsContentType Sync="TRUE">002</imsContentType>
				<itemSize Sync="TRUE">0.000</itemSize>
				<itemLocation>
					<linkage Sync="TRUE">file://\\G46PPLGDRFTP03\Z$\var\ftp\gdrs_temp\update\us_mn_state_mngeo\loc_pop_centers\shp\city_and_township_population_centers.shp</linkage>
					<protocol Sync="TRUE">Local Area Network</protocol>
				</itemLocation>
			</itemProps>
			<coordRef>
				<type Sync="TRUE">Projected</type>
				<geogcsn Sync="TRUE">GCS_North_American_1983</geogcsn>
				<csUnits Sync="TRUE">Linear Unit: Meter (1.000000)</csUnits>
				<projcsn Sync="TRUE">NAD_1983_UTM_Zone_15N</projcsn>
				<peXml Sync="TRUE">&lt;ProjectedCoordinateSystem xsi:type='typens:ProjectedCoordinateSystem' xmlns:xsi='http://www.w3.org/2001/XMLSchema-instance' xmlns:xs='http://www.w3.org/2001/XMLSchema' xmlns:typens='http://www.esri.com/schemas/ArcGIS/3.3.0'&gt;&lt;WKT&gt;PROJCS[&amp;quot;NAD_1983_UTM_Zone_15N&amp;quot;,GEOGCS[&amp;quot;GCS_North_American_1983&amp;quot;,DATUM[&amp;quot;D_North_American_1983&amp;quot;,SPHEROID[&amp;quot;GRS_1980&amp;quot;,6378137.0,298.257222101]],PRIMEM[&amp;quot;Greenwich&amp;quot;,0.0],UNIT[&amp;quot;Degree&amp;quot;,0.0174532925199433]],PROJECTION[&amp;quot;Transverse_Mercator&amp;quot;],PARAMETER[&amp;quot;False_Easting&amp;quot;,500000.0],PARAMETER[&amp;quot;False_Northing&amp;quot;,0.0],PARAMETER[&amp;quot;Central_Meridian&amp;quot;,-93.0],PARAMETER[&amp;quot;Scale_Factor&amp;quot;,0.9996],PARAMETER[&amp;quot;Latitude_Of_Origin&amp;quot;,0.0],UNIT[&amp;quot;Meter&amp;quot;,1.0],AUTHORITY[&amp;quot;EPSG&amp;quot;,26915]]&lt;/WKT&gt;&lt;XOrigin&gt;-5120900&lt;/XOrigin&gt;&lt;YOrigin&gt;-9998100&lt;/YOrigin&gt;&lt;XYScale&gt;450445547.3910538&lt;/XYScale&gt;&lt;ZOrigin&gt;-100000&lt;/ZOrigin&gt;&lt;ZScale&gt;10000&lt;/ZScale&gt;&lt;MOrigin&gt;-100000&lt;/MOrigin&gt;&lt;MScale&gt;10000&lt;/MScale&gt;&lt;XYTolerance&gt;0.001&lt;/XYTolerance&gt;&lt;ZTolerance&gt;0.001&lt;/ZTolerance&gt;&lt;MTolerance&gt;0.001&lt;/MTolerance&gt;&lt;HighPrecision&gt;true&lt;/HighPrecision&gt;&lt;WKID&gt;26915&lt;/WKID&gt;&lt;LatestWKID&gt;26915&lt;/LatestWKID&gt;&lt;/ProjectedCoordinateSystem&gt;</peXml>
			</coordRef>
		</DataProperties>
		<SyncDate>20240718</SyncDate>
		<SyncTime>16274600</SyncTime>
		<ModDate>20240718</ModDate>
		<ModTime>16274600</ModTime>
	</Esri>
	<dataIdInfo>
		<envirDesc Sync="TRUE">Microsoft Windows 10 Version 10.0 (Build 18362) ; Esri ArcGIS 13.3.0.51575</envirDesc>
		<dataLang>
			<languageCode value="eng" Sync="TRUE"/>
			<countryCode value="USA" Sync="TRUE"/>
		</dataLang>
		<idCitation>
			<resTitle Sync="TRUE">city_and_township_population_centers</resTitle>
			<presForm>
				<PresFormCd value="005" Sync="TRUE"/>
			</presForm>
		</idCitation>
		<spatRpType>
			<SpatRepTypCd value="001" Sync="TRUE"/>
		</spatRpType>
	</dataIdInfo>
	<mdLang>
		<languageCode value="eng" Sync="TRUE"/>
		<countryCode value="USA" Sync="TRUE"/>
	</mdLang>
	<distInfo>
		<distFormat>
			<formatName Sync="TRUE">Shapefile</formatName>
		</distFormat>
		<distTranOps>
			<transSize Sync="TRUE">0.000</transSize>
		</distTranOps>
	</distInfo>
	<mdHrLv>
		<ScopeCd value="005" Sync="TRUE"/>
	</mdHrLv>
	<mdHrLvName Sync="TRUE">dataset</mdHrLvName>
	<refSysInfo>
		<RefSystem>
			<refSysID>
				<identCode code="26915" Sync="TRUE"/>
				<idCodeSpace Sync="TRUE">EPSG</idCodeSpace>
				<idVersion Sync="TRUE">6.11(3.0.1)</idVersion>
			</refSysID>
		</RefSystem>
	</refSysInfo>
	<spatRepInfo>
		<VectSpatRep>
			<geometObjs Name="city_and_township_population_centers">
				<geoObjTyp>
					<GeoObjTypCd value="004" Sync="TRUE"/>
				</geoObjTyp>
				<geoObjCnt Sync="TRUE">0</geoObjCnt>
			</geometObjs>
			<topLvl>
				<TopoLevCd value="001" Sync="TRUE"/>
			</topLvl>
		</VectSpatRep>
	</spatRepInfo>
	<spdoinfo>
		<ptvctinf>
			<esriterm Name="city_and_township_population_centers">
				<efeatyp Sync="TRUE">Simple</efeatyp>
				<efeageom code="1" Sync="TRUE"/>
				<esritopo Sync="TRUE">FALSE</esritopo>
				<efeacnt Sync="TRUE">0</efeacnt>
				<spindex Sync="TRUE">FALSE</spindex>
				<linrefer Sync="TRUE">FALSE</linrefer>
			</esriterm>
		</ptvctinf>
	</spdoinfo>
	<eainfo>
		<detailed Name="city_and_township_population_centers">
			<enttyp>
				<enttypl Sync="TRUE">city_and_township_population_centers</enttypl>
				<enttypt Sync="TRUE">Feature Class</enttypt>
				<enttypc Sync="TRUE">0</enttypc>
			</enttyp>
			<attr>
				<attrlabl Sync="TRUE">FID</attrlabl>
				<attalias Sync="TRUE">FID</attalias>
				<attrtype Sync="TRUE">OID</attrtype>
				<attwidth Sync="TRUE">4</attwidth>
				<atprecis Sync="TRUE">0</atprecis>
				<attscale Sync="TRUE">0</attscale>
				<attrdef Sync="TRUE">Internal feature number.</attrdef>
				<attrdefs Sync="TRUE">Esri</attrdefs>
				<attrdomv>
					<udom Sync="TRUE">Sequential unique whole numbers that are automatically generated.</udom>
				</attrdomv>
			</attr>
			<attr>
				<attrlabl Sync="TRUE">Shape</attrlabl>
				<attalias Sync="TRUE">Shape</attalias>
				<attrtype Sync="TRUE">Geometry</attrtype>
				<attwidth Sync="TRUE">0</attwidth>
				<atprecis Sync="TRUE">0</atprecis>
				<attscale Sync="TRUE">0</attscale>
				<attrdef Sync="TRUE">Feature geometry.</attrdef>
				<attrdefs Sync="TRUE">Esri</attrdefs>
				<attrdomv>
					<udom Sync="TRUE">Coordinates defining the features.</udom>
				</attrdomv>
			</attr>
			<attr>
				<attrlabl Sync="TRUE">GNIS</attrlabl>
				<attalias Sync="TRUE">GNIS</attalias>
				<attrtype Sync="TRUE">Integer</attrtype>
				<attwidth Sync="TRUE">10</attwidth>
				<atprecis Sync="TRUE">10</atprecis>
				<attscale Sync="TRUE">0</attscale>
			</attr>
			<attr>
				<attrlabl Sync="TRUE">Name</attrlabl>
				<attalias Sync="TRUE">Name</attalias>
				<attrtype Sync="TRUE">String</attrtype>
				<attwidth Sync="TRUE">50</attwidth>
				<atprecis Sync="TRUE">0</atprecis>
				<attscale Sync="TRUE">0</attscale>
			</attr>
			<attr>
				<attrlabl Sync="TRUE">CTU_Type</attrlabl>
				<attalias Sync="TRUE">CTU_Type</attalias>
				<attrtype Sync="TRUE">String</attrtype>
				<attwidth Sync="TRUE">12</attwidth>
				<atprecis Sync="TRUE">0</atprecis>
				<attscale Sync="TRUE">0</attscale>
			</attr>
			<attr>
				<attrlabl Sync="TRUE">County</attrlabl>
				<attalias Sync="TRUE">County</attalias>
				<attrtype Sync="TRUE">String</attrtype>
				<attwidth Sync="TRUE">30</attwidth>
				<atprecis Sync="TRUE">0</atprecis>
				<attscale Sync="TRUE">0</attscale>
			</attr>
			<attr>
				<attrlabl Sync="TRUE">FIPS_Code</attrlabl>
				<attalias Sync="TRUE">FIPS_Code</attalias>
				<attrtype Sync="TRUE">String</attrtype>
				<attwidth Sync="TRUE">10</attwidth>
				<atprecis Sync="TRUE">0</atprecis>
				<attscale Sync="TRUE">0</attscale>
			</attr>
			<attr>
				<attrlabl Sync="TRUE">Sym_Class</attrlabl>
				<attalias Sync="TRUE">Sym_Class</attalias>
				<attrtype Sync="TRUE">String</attrtype>
				<attwidth Sync="TRUE">12</attwidth>
				<atprecis Sync="TRUE">0</atprecis>
				<attscale Sync="TRUE">0</attscale>
			</attr>
			<attr>
				<attrlabl Sync="TRUE">Population</attrlabl>
				<attalias Sync="TRUE">Population</attalias>
				<attrtype Sync="TRUE">Integer</attrtype>
				<attwidth Sync="TRUE">10</attwidth>
				<atprecis Sync="TRUE">10</atprecis>
				<attscale Sync="TRUE">0</attscale>
			</attr>
			<attr>
				<attrlabl Sync="TRUE">Notes</attrlabl>
				<attalias Sync="TRUE">Notes</attalias>
				<attrtype Sync="TRUE">String</attrtype>
				<attwidth Sync="TRUE">100</attwidth>
				<atprecis Sync="TRUE">0</atprecis>
				<attscale Sync="TRUE">0</attscale>
			</attr>
		</detailed>
	</eainfo>
	<mdDateSt Sync="TRUE">20240718</mdDateSt>
</metadata>
