﻿<?xml version="1.0" encoding="UTF-8"?><metadata><idinfo><citation><citeinfo><origin>Minnesota Geospatial Information Office (MnGeo)</origin><pubdate>20170301</pubdate><title>City and Township Population Centers, Minnesota</title><mgmg1cid /><pubinfo><publish>Minnesota Geospatial Information Office (MnGeo)</publish></pubinfo><onlink>https://gisdata.mn.gov/dataset/loc_pop_centers</onlink></citeinfo></citation><descript><abstract>This layer contains cities, townships, reservations, and unorganized territories in the state of Minnesota, represented with point geometry for cartographic purposes. This dataset generally includes only populated places; there may be other named townships and territories which were not included. The population counts for these populated places have also been included, based on recent available US Census data.</abstract><purpose>The dataset was developed largely for cartographic purposes, for the display of concentrations of populations. It can be symbolized with the available attributes to show the largest cities in the state or county (typically county seats), as well as very small populated cities, townships, unorganized territories, and tribal populations. The dataset can also be symbolized by population count where figures are available.</purpose><supplinf>Minnesota</supplinf></descript><timeperd><current>Data was created by referencing a 'CTU' (cities, townships, unorganized territories) database created and updated by MnGeo in 2009. The population column was added by MnGeo in 2017.</current><timeinfo><sngdate><caldate>20170301</caldate></sngdate></timeinfo></timeperd><status><progress>Complete</progress><update>None Planned</update></status><spdom><bounding><westbc>-96.820245</westbc><eastbc>-89.616732</eastbc><northbc>48.995574</northbc><southbc>43.439127</southbc></bounding></spdom><keywords><theme><themekey>location, city, cities, townships, reservations, unorganized territories, populated places, municipality, municipalities</themekey><themekt>ISO 19115 Topic Category</themekt></theme><place><placekey>Minnesota</placekey></place></keywords><accconst>None</accconst><useconst>If you transmit or provide the data to another user, it is your responsibility to provide appropriate content, limitation, warranty and liability information as you see fit.</useconst><native>ESRI ArcGIS 9.x</native><browse><browsen>https://resources.gisdata.mn.gov/pub/gdrs/data/pub/us_mn_state_mngeo/loc_pop_centers/metadata/preview.jpg</browsen><browsed>Minnesota Population Centers (cities)</browsed></browse><crossref><citeinfo><title>City, Township and Unorganized Territory in Minnesota: https://gisdata.mn.gov/dataset/bdry-mn-city-township-unorg</title></citeinfo></crossref><ptcontac><cntinfo><cntperp><cntorg>Minnesota Geospatial Information Office (MnGeo)</cntorg><cntper>MnGeo</cntper></cntperp><cntpos>GIS Data Specialist</cntpos><cntaddr><addrtype>mailing and physical</addrtype><address>658 Cedar Street, Room 300</address><city>St. Paul</city><state>MN</state><postal>55155</postal></cntaddr><cntvoice>651-201-2499</cntvoice><cntemail>gisinfo.mngeo@state.mn.us</cntemail></cntinfo></ptcontac></idinfo><dataqual><logic>There should be only one point per place name per county. Some place names exist in more than one county, but in those cases represent different entities.</logic><complete>This dataset generally includes only populated places; there may be other named townships and territories which were not included. </complete><posacc><horizpa><horizpar>Source layer ctu:  No known issues. Points were generally placed according to coordinates provided by MnGeo.</horizpar></horizpa><vertacc><vertaccr>N/A</vertaccr></vertacc></posacc><lineage><srcinfo><srcscale>Source layer ctu:  24000</srcscale></srcinfo><procstep><procdesc>Originally developed by the Minnesota Department of Agriculture for cartographic purposes. Population column added March 2017.</procdesc></procstep></lineage></dataqual><spdoinfo><indspref /><direct>point</direct><mgmg3obj>point</mgmg3obj><mgmg3til>state</mgmg3til></spdoinfo><spref><vertdef><altsys><altdatum>not applicable</altdatum><altunits>Not Applicable</altunits></altsys><depthsys><depthdn>not applicable</depthdn><depthdu>Not Applicable</depthdu></depthsys></vertdef><horizsys><planar><gridsys><gridsysn>Universal Transverse Mercator</gridsysn><utm><utmzone>15</utmzone></utm></gridsys><planci><plandu>meters</plandu></planci></planar><geodetic><horizdn>NAD83</horizdn><ellips>GRS80</ellips></geodetic></horizsys></spref><eainfo><detailed><enttyp><enttypl>city_and_township_population_centers</enttypl></enttyp><attr><attrlabl>OBJECTID</attrlabl></attr><attr><attrlabl>Shape</attrlabl></attr><attr><attrlabl>GNIS</attrlabl><attrdef>Geographic Names Information System</attrdef></attr><attr><attrlabl>Name</attrlabl><attrdef>Name of entity</attrdef></attr><attr><attrlabl>CTU_Type</attrlabl><attrdef>City, Township, or Unorganized Territory</attrdef><attrdomv><edom><edomv>City</edomv></edom></attrdomv><attrdomv><edom><edomv>Township</edomv></edom></attrdomv><attrdomv><edom><edomv>Tribal</edomv></edom></attrdomv><attrdomv><edom><edomv>Unorganized</edomv></edom></attrdomv></attr><attr><attrlabl>County</attrlabl><attrdef>County</attrdef></attr><attr><attrlabl>FIPS_Code</attrlabl><attrdef>10 Digit FIPS Code</attrdef></attr><attr><attrlabl>Sym_Class</attrlabl><attrdef>Symbology Class</attrdef><attrdomv><edom><edomv>Big City</edomv><edomvd>Largest metropolitan cities in Minnesota as typically displayed on base maps.</edomvd></edom></attrdomv><attrdomv><edom><edomv>County Seat</edomv><edomvd>County seats that are not classified as large metropolitan regional centers. (Combine this class with "Big City" to represent all County Seats)</edomvd></edom></attrdomv><attrdomv><edom><edomv>Small City</edomv><edomvd>Cities not classified in one of the other two categories.</edomvd></edom></attrdomv><attrdomv><edom><edomv>Township</edomv><edomvd>Townships</edomvd></edom></attrdomv><attrdomv><edom><edomv>Tribal</edomv><edomvd>Tribal population points</edomvd></edom></attrdomv><attrdomv><edom><edomv>Unorganized</edomv><edomvd>Populated areas that are recognized as part of unorganized territories.</edomvd></edom></attrdomv></attr><attr><attrlabl>Population</attrlabl><attrdef>Population of Populated Area, obtained from 2015 US Census American Community Survey</attrdef></attr></detailed></eainfo><distinfo><resdesc>City and Township Population Centers</resdesc><distliab>MnGeo's disclaimer: https://www.mngeo.state.mn.us/chouse/disclaimer.html</distliab><stdorder><digform><digtinfo><formname>Shapefile</formname><formvern /><transize>1024</transize></digtinfo></digform><ordering>This data set is distributed online by clicking below after Online Linkage.</ordering></stdorder><distrib><cntinfo><cntperp><cntorg>Minnesota Geospatial Information Office (MnGeo)</cntorg><cntper>MnGeo</cntper></cntperp><cntpos>GIS Data Specialist</cntpos><cntaddr><addrtype>mailing and physical</addrtype><address>658 Cedar Street, Room 300</address><city>St. Paul</city><state>MN</state><postal>55155</postal></cntaddr><cntvoice>651-201-2499</cntvoice><cntemail>gisinfo.mngeo@state.mn.us</cntemail></cntinfo></distrib></distinfo><metainfo><metd>20210511</metd><metstdn>Minnesota Geographic Metadata Guidelines</metstdn><metstdv>1.2</metstdv><metextns><onlink>https://www.mngeo.state.mn.us/committee/standards/mgmg/metadata.htm</onlink></metextns><metc><cntinfo><cntperp><cntorg>Minnesota Geospatial Information Office (MnGeo)</cntorg><cntper>MnGeo</cntper></cntperp><cntpos>GIS Data Specialist</cntpos><cntaddr><addrtype>mailing and physical</addrtype><address>658 Cedar Street, Room 300</address><city>St. Paul</city><state>MN</state><postal>55155</postal></cntaddr><cntvoice>651-201-2499</cntvoice><cntemail>gisinfo.mngeo@state.mn.us</cntemail></cntinfo></metc></metainfo></metadata>